Less than High School,High School,Some College,Bachelors or Above
75.01268191268188,15.805821205821223,4.83388773388773,4.348856548856548
65.36753846153843,22.34738461538464,6.71061538461539,5.573230769230767
55.37403560830864,30.00727002967358,8.496290801186934,6.124035608308606
44.4910606060606,37.817121212121215,10.315151515151518,7.379242424242423
47.551767676767675,30.36893939393939,11.786363636363635,10.291414141414148
33.82372262773722,35.62189781021898,15.190875912408764,15.363868613138685
