Less than High School,High School,Some College,Bachelors or Above
77.46162361623615,14.051660516605164,4.414022140221403,4.074907749077491
64.87613535173641,22.86090828138918,6.77150489759573,5.490115761353509
47.992248062015484,33.9049330514447,10.338900634249478,7.766314305849188
38.5640449438202,37.379213483146074,12.247752808988766,11.806741573033708
33.02892561983472,34.24462809917353,16.47272727272728,16.251239669421487
23.67391304347826,30.873913043478257,17.669565217391305,27.79565217391304
