Less than High School,High School,Some College,Bachelors or Above
75.52857142857142,15.160532687651338,4.917191283292981,4.397336561743336
61.955986787778684,24.57464905037164,7.483567299752277,5.984310487200651
45.924437548487255,35.63211792086888,10.54794414274632,7.897439875872762
40.03287671232875,31.068493150684944,14.03013698630137,14.861643835616437
28.952380952380953,37.209523809523816,17.264285714285716,16.58809523809524
25.73529411764705,30.86176470588235,17.29411764705883,26.11764705882353
