Less than High School,High School,Some College,Bachelors or Above
77.21874999999994,14.108333333333324,4.518402777777776,4.156944444444443
69.01777378815086,20.040035906642718,5.908797127468581,5.034111310592456
60.365698729582576,25.480580762250487,7.881488203266791,6.268602540834845
51.674735449735486,31.69074074074075,9.421560846560856,7.215873015873023
43.63687845303866,37.08798342541432,11.083977900552483,8.19309392265194
33.79073359073357,34.84131274131276,15.322393822393826,16.043243243243236
